{
    "step": 8,
    "eval_loss": 0.6590288281440735,
    "eval_accuracy": 0.8125,
    "eval_runtime": 0.0347,
    "eval_samples_per_second": 461.226,
    "eval_steps_per_second": 28.827,
    "epoch": 8.0,
    "train_runtime": 20.2641,
    "train_samples_per_second": 56.849,
    "train_steps_per_second": 7.106,
    "train_loss": 0.7113345993889703
}